timestamp, name, temperature.gpu, utilization.gpu [%], utilization.memory [%]
2022/12/07 23:23:31.266, NVIDIA A30, 52, 0 %, 0 %
2022/12/07 23:23:31.279, NVIDIA A30, 52, 0 %, 0 %
2022/12/07 23:23:31.290, NVIDIA A30, 52, 0 %, 0 %
2022/12/07 23:23:31.301, NVIDIA A30, 52, 0 %, 0 %
2022/12/07 23:23:31.313, NVIDIA A30, 52, 0 %, 0 %
2022/12/07 23:23:31.324, NVIDIA A30, 52, 0 %, 0 %
2022/12/07 23:23:31.335, NVIDIA A30, 52, 0 %, 0 %
2022/12/07 23:23:31.348, NVIDIA A30, 52, 0 %, 0 %
2022/12/07 23:23:31.359, NVIDIA A30, 52, 0 %, 0 %
2022/12/07 23:23:31.370, NVIDIA A30, 52, 0 %, 0 %
2022/12/07 23:23:31.381, NVIDIA A30, 52, 0 %, 0 %
2022/12/07 23:23:31.393, NVIDIA A30, 52, 0 %, 0 %
2022/12/07 23:23:31.404, NVIDIA A30, 52, 0 %, 0 %
2022/12/07 23:23:31.415, NVIDIA A30, 52, 0 %, 0 %
2022/12/07 23:23:31.427, NVIDIA A30, 52, 0 %, 0 %
2022/12/07 23:23:31.438, NVIDIA A30, 52, 0 %, 0 %
2022/12/07 23:23:31.449, NVIDIA A30, 52, 0 %, 0 %
2022/12/07 23:23:31.460, NVIDIA A30, 52, 0 %, 0 %
2022/12/07 23:23:31.472, NVIDIA A30, 52, 0 %, 0 %
2022/12/07 23:23:31.483, NVIDIA A30, 52, 0 %, 0 %
2022/12/07 23:23:31.494, NVIDIA A30, 52, 0 %, 0 %
2022/12/07 23:23:31.505, NVIDIA A30, 52, 0 %, 0 %
2022/12/07 23:23:31.516, NVIDIA A30, 52, 0 %, 0 %
2022/12/07 23:23:31.528, NVIDIA A30, 52, 0 %, 0 %
2022/12/07 23:23:31.539, NVIDIA A30, 52, 0 %, 0 %
2022/12/07 23:23:31.551, NVIDIA A30, 52, 0 %, 0 %
2022/12/07 23:23:31.562, NVIDIA A30, 52, 0 %, 0 %
2022/12/07 23:23:31.573, NVIDIA A30, 52, 0 %, 0 %
2022/12/07 23:23:31.584, NVIDIA A30, 52, 0 %, 0 %
2022/12/07 23:23:31.595, NVIDIA A30, 52, 0 %, 0 %
2022/12/07 23:23:31.607, NVIDIA A30, 52, 0 %, 0 %
2022/12/07 23:23:31.618, NVIDIA A30, 52, 0 %, 0 %
2022/12/07 23:23:31.630, NVIDIA A30, 52, 0 %, 0 %
2022/12/07 23:23:31.641, NVIDIA A30, 52, 0 %, 0 %
2022/12/07 23:23:31.652, NVIDIA A30, 52, 0 %, 0 %
2022/12/07 23:23:31.663, NVIDIA A30, 52, 0 %, 0 %
2022/12/07 23:23:31.675, NVIDIA A30, 52, 0 %, 0 %
2022/12/07 23:23:31.686, NVIDIA A30, 52, 0 %, 0 %
2022/12/07 23:23:31.697, NVIDIA A30, 52, 0 %, 0 %
2022/12/07 23:23:31.709, NVIDIA A30, 52, 0 %, 0 %
2022/12/07 23:23:31.720, NVIDIA A30, 52, 0 %, 0 %
2022/12/07 23:23:31.732, NVIDIA A30, 52, 0 %, 0 %
2022/12/07 23:23:31.743, NVIDIA A30, 52, 0 %, 0 %
2022/12/07 23:23:31.754, NVIDIA A30, 52, 0 %, 0 %
2022/12/07 23:23:31.765, NVIDIA A30, 52, 0 %, 0 %
2022/12/07 23:23:31.776, NVIDIA A30, 52, 0 %, 0 %
2022/12/07 23:23:31.788, NVIDIA A30, 52, 0 %, 0 %
2022/12/07 23:23:31.799, NVIDIA A30, 52, 0 %, 0 %
2022/12/07 23:23:31.811, NVIDIA A30, 52, 0 %, 0 %
2022/12/07 23:23:31.822, NVIDIA A30, 52, 0 %, 0 %
2022/12/07 23:23:31.834, NVIDIA A30, 52, 0 %, 0 %
2022/12/07 23:23:31.846, NVIDIA A30, 52, 0 %, 0 %
2022/12/07 23:23:31.857, NVIDIA A30, 52, 0 %, 0 %
2022/12/07 23:23:31.868, NVIDIA A30, 52, 0 %, 0 %
2022/12/07 23:23:31.879, NVIDIA A30, 52, 0 %, 0 %
2022/12/07 23:23:31.891, NVIDIA A30, 52, 0 %, 0 %
2022/12/07 23:23:31.902, NVIDIA A30, 52, 0 %, 0 %
2022/12/07 23:23:31.913, NVIDIA A30, 52, 0 %, 0 %
2022/12/07 23:23:31.924, NVIDIA A30, 52, 0 %, 0 %
2022/12/07 23:23:31.936, NVIDIA A30, 52, 0 %, 0 %
2022/12/07 23:23:31.947, NVIDIA A30, 52, 0 %, 0 %
2022/12/07 23:23:31.958, NVIDIA A30, 52, 0 %, 0 %
2022/12/07 23:23:31.969, NVIDIA A30, 52, 0 %, 0 %
2022/12/07 23:23:31.981, NVIDIA A30, 52, 0 %, 0 %
2022/12/07 23:23:31.992, NVIDIA A30, 52, 0 %, 0 %
2022/12/07 23:23:32.004, NVIDIA A30, 52, 0 %, 0 %
2022/12/07 23:23:32.015, NVIDIA A30, 52, 0 %, 0 %
2022/12/07 23:23:32.026, NVIDIA A30, 52, 0 %, 0 %
2022/12/07 23:23:32.037, NVIDIA A30, 52, 0 %, 0 %
2022/12/07 23:23:32.049, NVIDIA A30, 52, 0 %, 0 %
2022/12/07 23:23:32.060, NVIDIA A30, 52, 0 %, 0 %
2022/12/07 23:23:32.071, NVIDIA A30, 52, 0 %, 0 %
2022/12/07 23:23:32.082, NVIDIA A30, 52, 0 %, 0 %
2022/12/07 23:23:32.094, NVIDIA A30, 52, 0 %, 0 %
2022/12/07 23:23:32.105, NVIDIA A30, 52, 0 %, 0 %
2022/12/07 23:23:32.117, NVIDIA A30, 52, 0 %, 0 %
2022/12/07 23:23:32.128, NVIDIA A30, 52, 0 %, 0 %
2022/12/07 23:23:32.139, NVIDIA A30, 52, 0 %, 0 %
2022/12/07 23:23:32.150, NVIDIA A30, 52, 0 %, 0 %
2022/12/07 23:23:32.162, NVIDIA A30, 52, 0 %, 0 %
2022/12/07 23:23:32.173, NVIDIA A30, 52, 0 %, 0 %
2022/12/07 23:23:32.185, NVIDIA A30, 52, 0 %, 0 %
2022/12/07 23:23:32.196, NVIDIA A30, 52, 0 %, 0 %
2022/12/07 23:23:32.207, NVIDIA A30, 52, 0 %, 0 %
2022/12/07 23:23:32.218, NVIDIA A30, 52, 0 %, 0 %
2022/12/07 23:23:32.229, NVIDIA A30, 52, 0 %, 0 %
2022/12/07 23:23:32.240, NVIDIA A30, 52, 0 %, 0 %
2022/12/07 23:23:32.252, NVIDIA A30, 52, 0 %, 0 %
2022/12/07 23:23:32.263, NVIDIA A30, 52, 0 %, 0 %
2022/12/07 23:23:32.274, NVIDIA A30, 52, 0 %, 0 %
2022/12/07 23:23:32.286, NVIDIA A30, 52, 0 %, 0 %
2022/12/07 23:23:32.297, NVIDIA A30, 52, 0 %, 0 %
2022/12/07 23:23:32.309, NVIDIA A30, 52, 0 %, 0 %
2022/12/07 23:23:32.320, NVIDIA A30, 52, 0 %, 0 %
2022/12/07 23:23:32.331, NVIDIA A30, 52, 0 %, 0 %
2022/12/07 23:23:32.342, NVIDIA A30, 52, 0 %, 0 %
2022/12/07 23:23:32.354, NVIDIA A30, 52, 0 %, 0 %
2022/12/07 23:23:32.366, NVIDIA A30, 52, 0 %, 0 %
2022/12/07 23:23:32.379, NVIDIA A30, 52, 0 %, 0 %
2022/12/07 23:23:32.391, NVIDIA A30, 52, 0 %, 0 %
2022/12/07 23:23:32.403, NVIDIA A30, 52, 0 %, 0 %
2022/12/07 23:23:32.416, NVIDIA A30, 52, 0 %, 0 %
2022/12/07 23:23:32.429, NVIDIA A30, 52, 0 %, 0 %
2022/12/07 23:23:32.440, NVIDIA A30, 52, 0 %, 0 %
2022/12/07 23:23:32.452, NVIDIA A30, 52, 0 %, 0 %
2022/12/07 23:23:32.469, NVIDIA A30, 52, 0 %, 0 %
2022/12/07 23:23:32.480, NVIDIA A30, 52, 0 %, 0 %
2022/12/07 23:23:32.491, NVIDIA A30, 52, 0 %, 0 %
2022/12/07 23:23:32.502, NVIDIA A30, 52, 0 %, 0 %
2022/12/07 23:23:32.513, NVIDIA A30, 52, 0 %, 0 %
2022/12/07 23:23:32.525, NVIDIA A30, 52, 0 %, 0 %
2022/12/07 23:23:32.537, NVIDIA A30, 52, 0 %, 0 %
2022/12/07 23:23:32.549, NVIDIA A30, 52, 0 %, 0 %
2022/12/07 23:23:32.561, NVIDIA A30, 52, 0 %, 0 %
2022/12/07 23:23:32.574, NVIDIA A30, 52, 0 %, 0 %
2022/12/07 23:23:32.587, NVIDIA A30, 52, 0 %, 0 %
2022/12/07 23:23:32.616, NVIDIA A30, 52, 0 %, 0 %
2022/12/07 23:23:32.643, NVIDIA A30, 52, 0 %, 0 %
2022/12/07 23:23:32.655, NVIDIA A30, 52, 0 %, 0 %
2022/12/07 23:23:32.668, NVIDIA A30, 52, 0 %, 0 %
2022/12/07 23:23:32.681, NVIDIA A30, 52, 0 %, 0 %
2022/12/07 23:23:32.694, NVIDIA A30, 52, 0 %, 0 %
2022/12/07 23:23:32.707, NVIDIA A30, 52, 0 %, 0 %
2022/12/07 23:23:32.719, NVIDIA A30, 52, 0 %, 0 %
2022/12/07 23:23:32.730, NVIDIA A30, 52, 0 %, 0 %
2022/12/07 23:23:32.742, NVIDIA A30, 52, 0 %, 0 %
2022/12/07 23:23:32.754, NVIDIA A30, 52, 0 %, 0 %
2022/12/07 23:23:32.767, NVIDIA A30, 52, 0 %, 0 %
2022/12/07 23:23:32.780, NVIDIA A30, 52, 0 %, 0 %
2022/12/07 23:23:32.792, NVIDIA A30, 52, 0 %, 0 %
2022/12/07 23:23:32.804, NVIDIA A30, 52, 0 %, 0 %
2022/12/07 23:23:32.816, NVIDIA A30, 52, 0 %, 0 %
2022/12/07 23:23:32.828, NVIDIA A30, 52, 0 %, 0 %
2022/12/07 23:23:32.840, NVIDIA A30, 52, 0 %, 0 %
2022/12/07 23:23:32.854, NVIDIA A30, 52, 0 %, 0 %
2022/12/07 23:23:32.866, NVIDIA A30, 52, 0 %, 0 %
2022/12/07 23:23:32.877, NVIDIA A30, 52, 0 %, 0 %
2022/12/07 23:23:32.888, NVIDIA A30, 52, 0 %, 0 %
2022/12/07 23:23:32.899, NVIDIA A30, 52, 0 %, 0 %
2022/12/07 23:23:32.910, NVIDIA A30, 52, 0 %, 0 %
2022/12/07 23:23:32.921, NVIDIA A30, 52, 0 %, 0 %
2022/12/07 23:23:32.932, NVIDIA A30, 52, 0 %, 0 %
2022/12/07 23:23:32.943, NVIDIA A30, 52, 0 %, 0 %
2022/12/07 23:23:32.955, NVIDIA A30, 52, 8 %, 0 %
2022/12/07 23:23:32.966, NVIDIA A30, 52, 8 %, 0 %
2022/12/07 23:23:32.977, NVIDIA A30, 52, 8 %, 0 %
2022/12/07 23:23:32.988, NVIDIA A30, 52, 8 %, 0 %
2022/12/07 23:23:32.999, NVIDIA A30, 52, 8 %, 0 %
2022/12/07 23:23:33.010, NVIDIA A30, 52, 8 %, 0 %
2022/12/07 23:23:33.021, NVIDIA A30, 52, 8 %, 0 %
2022/12/07 23:23:33.032, NVIDIA A30, 52, 8 %, 0 %
2022/12/07 23:23:33.044, NVIDIA A30, 52, 8 %, 0 %
2022/12/07 23:23:33.055, NVIDIA A30, 52, 8 %, 0 %
2022/12/07 23:23:33.066, NVIDIA A30, 52, 8 %, 0 %
2022/12/07 23:23:33.076, NVIDIA A30, 52, 8 %, 0 %
2022/12/07 23:23:33.087, NVIDIA A30, 52, 8 %, 0 %
2022/12/07 23:23:33.098, NVIDIA A30, 52, 8 %, 0 %
2022/12/07 23:23:33.109, NVIDIA A30, 52, 8 %, 0 %
2022/12/07 23:23:33.120, NVIDIA A30, 52, 8 %, 0 %
2022/12/07 23:23:33.131, NVIDIA A30, 52, 8 %, 0 %
2022/12/07 23:23:33.142, NVIDIA A30, 52, 8 %, 0 %
2022/12/07 23:23:33.153, NVIDIA A30, 52, 0 %, 0 %
2022/12/07 23:23:33.167, NVIDIA A30, 52, 0 %, 0 %
2022/12/07 23:23:33.178, NVIDIA A30, 52, 0 %, 0 %
2022/12/07 23:23:33.189, NVIDIA A30, 52, 0 %, 0 %
2022/12/07 23:23:33.208, NVIDIA A30, 52, 0 %, 0 %
2022/12/07 23:23:33.223, NVIDIA A30, 52, 0 %, 0 %
2022/12/07 23:23:33.237, NVIDIA A30, 52, 0 %, 0 %
2022/12/07 23:23:33.249, NVIDIA A30, 52, 0 %, 0 %
2022/12/07 23:23:33.261, NVIDIA A30, 52, 0 %, 0 %
2022/12/07 23:23:33.275, NVIDIA A30, 52, 0 %, 0 %
2022/12/07 23:23:33.288, NVIDIA A30, 52, 0 %, 0 %
2022/12/07 23:23:33.301, NVIDIA A30, 52, 0 %, 0 %
2022/12/07 23:23:33.314, NVIDIA A30, 52, 0 %, 0 %
2022/12/07 23:23:33.329, NVIDIA A30, 52, 0 %, 0 %
2022/12/07 23:23:33.342, NVIDIA A30, 52, 0 %, 0 %
2022/12/07 23:23:33.353, NVIDIA A30, 52, 0 %, 0 %
2022/12/07 23:23:33.364, NVIDIA A30, 52, 58 %, 2 %
2022/12/07 23:23:33.376, NVIDIA A30, 52, 58 %, 2 %
2022/12/07 23:23:33.388, NVIDIA A30, 52, 58 %, 2 %
2022/12/07 23:23:33.399, NVIDIA A30, 52, 58 %, 2 %
2022/12/07 23:23:33.410, NVIDIA A30, 53, 58 %, 2 %
2022/12/07 23:23:33.420, NVIDIA A30, 53, 58 %, 2 %
2022/12/07 23:23:33.431, NVIDIA A30, 53, 58 %, 2 %
2022/12/07 23:23:33.442, NVIDIA A30, 53, 58 %, 2 %
2022/12/07 23:23:33.453, NVIDIA A30, 53, 58 %, 2 %
2022/12/07 23:23:33.464, NVIDIA A30, 53, 58 %, 2 %
2022/12/07 23:23:33.475, NVIDIA A30, 53, 58 %, 2 %
2022/12/07 23:23:33.485, NVIDIA A30, 53, 58 %, 2 %
2022/12/07 23:23:33.496, NVIDIA A30, 53, 58 %, 2 %
2022/12/07 23:23:33.507, NVIDIA A30, 53, 58 %, 2 %
2022/12/07 23:23:33.518, NVIDIA A30, 53, 58 %, 2 %
2022/12/07 23:23:33.530, NVIDIA A30, 53, 58 %, 2 %
2022/12/07 23:23:33.541, NVIDIA A30, 53, 58 %, 2 %
2022/12/07 23:23:33.552, NVIDIA A30, 53, 58 %, 2 %
2022/12/07 23:23:33.563, NVIDIA A30, 53, 16 %, 0 %
2022/12/07 23:23:33.574, NVIDIA A30, 53, 16 %, 0 %
2022/12/07 23:23:33.584, NVIDIA A30, 53, 16 %, 0 %
2022/12/07 23:23:33.596, NVIDIA A30, 53, 16 %, 0 %
2022/12/07 23:23:33.606, NVIDIA A30, 53, 16 %, 0 %
2022/12/07 23:23:33.618, NVIDIA A30, 53, 16 %, 0 %
2022/12/07 23:23:33.629, NVIDIA A30, 53, 16 %, 0 %
2022/12/07 23:23:33.640, NVIDIA A30, 53, 16 %, 0 %
2022/12/07 23:23:33.651, NVIDIA A30, 53, 16 %, 0 %
2022/12/07 23:23:33.662, NVIDIA A30, 53, 16 %, 0 %
2022/12/07 23:23:33.673, NVIDIA A30, 53, 16 %, 0 %
2022/12/07 23:23:33.684, NVIDIA A30, 53, 16 %, 0 %
2022/12/07 23:23:33.695, NVIDIA A30, 53, 16 %, 0 %
2022/12/07 23:23:33.706, NVIDIA A30, 53, 16 %, 0 %
2022/12/07 23:23:33.717, NVIDIA A30, 53, 16 %, 0 %
2022/12/07 23:23:33.728, NVIDIA A30, 53, 16 %, 0 %
2022/12/07 23:23:33.739, NVIDIA A30, 53, 16 %, 0 %
2022/12/07 23:23:33.750, NVIDIA A30, 53, 16 %, 0 %
2022/12/07 23:23:33.761, NVIDIA A30, 53, 41 %, 1 %
2022/12/07 23:23:33.772, NVIDIA A30, 53, 41 %, 1 %
2022/12/07 23:23:33.783, NVIDIA A30, 53, 41 %, 1 %
2022/12/07 23:23:33.794, NVIDIA A30, 53, 41 %, 1 %
2022/12/07 23:23:33.805, NVIDIA A30, 53, 41 %, 1 %
2022/12/07 23:23:33.816, NVIDIA A30, 53, 41 %, 1 %
2022/12/07 23:23:33.827, NVIDIA A30, 53, 41 %, 1 %
2022/12/07 23:23:33.838, NVIDIA A30, 53, 41 %, 1 %
2022/12/07 23:23:33.848, NVIDIA A30, 53, 41 %, 1 %
2022/12/07 23:23:33.859, NVIDIA A30, 53, 41 %, 1 %
2022/12/07 23:23:33.871, NVIDIA A30, 53, 41 %, 1 %
2022/12/07 23:23:33.882, NVIDIA A30, 53, 41 %, 1 %
2022/12/07 23:23:33.893, NVIDIA A30, 53, 41 %, 1 %
2022/12/07 23:23:33.904, NVIDIA A30, 53, 41 %, 1 %
2022/12/07 23:23:33.915, NVIDIA A30, 53, 41 %, 1 %
2022/12/07 23:23:33.926, NVIDIA A30, 53, 41 %, 1 %
2022/12/07 23:23:33.937, NVIDIA A30, 53, 41 %, 1 %
2022/12/07 23:23:33.947, NVIDIA A30, 53, 41 %, 1 %
2022/12/07 23:23:33.958, NVIDIA A30, 53, 41 %, 1 %
2022/12/07 23:23:33.969, NVIDIA A30, 53, 8 %, 0 %
2022/12/07 23:23:33.980, NVIDIA A30, 53, 8 %, 0 %
2022/12/07 23:23:33.990, NVIDIA A30, 53, 8 %, 0 %
2022/12/07 23:23:34.003, NVIDIA A30, 54, 8 %, 0 %
2022/12/07 23:23:34.015, NVIDIA A30, 54, 8 %, 0 %
2022/12/07 23:23:34.027, NVIDIA A30, 54, 8 %, 0 %
2022/12/07 23:23:34.038, NVIDIA A30, 54, 8 %, 0 %
2022/12/07 23:23:34.049, NVIDIA A30, 54, 8 %, 0 %
2022/12/07 23:23:34.059, NVIDIA A30, 54, 8 %, 0 %
2022/12/07 23:23:34.070, NVIDIA A30, 54, 8 %, 0 %
2022/12/07 23:23:34.081, NVIDIA A30, 54, 8 %, 0 %
2022/12/07 23:23:34.093, NVIDIA A30, 54, 8 %, 0 %
2022/12/07 23:23:34.106, NVIDIA A30, 54, 13 %, 1 %
2022/12/07 23:23:34.179, NVIDIA A30, 54, 13 %, 1 %
2022/12/07 23:23:34.191, NVIDIA A30, 54, 13 %, 1 %
2022/12/07 23:23:34.202, NVIDIA A30, 54, 13 %, 1 %
2022/12/07 23:23:34.214, NVIDIA A30, 54, 13 %, 1 %
2022/12/07 23:23:34.292, NVIDIA A30, 54, 13 %, 1 %
2022/12/07 23:23:34.303, NVIDIA A30, 54, 13 %, 1 %
2022/12/07 23:23:34.315, NVIDIA A30, 54, 13 %, 1 %
2022/12/07 23:23:34.326, NVIDIA A30, 54, 13 %, 1 %
2022/12/07 23:23:34.336, NVIDIA A30, 54, 13 %, 1 %
2022/12/07 23:23:34.347, NVIDIA A30, 54, 13 %, 1 %
2022/12/07 23:23:34.358, NVIDIA A30, 54, 13 %, 1 %
2022/12/07 23:23:34.369, NVIDIA A30, 54, 12 %, 1 %
2022/12/07 23:23:34.380, NVIDIA A30, 54, 12 %, 1 %
2022/12/07 23:23:34.390, NVIDIA A30, 54, 12 %, 1 %
2022/12/07 23:23:34.401, NVIDIA A30, 54, 12 %, 1 %
2022/12/07 23:23:34.412, NVIDIA A30, 54, 12 %, 1 %
2022/12/07 23:23:34.423, NVIDIA A30, 54, 12 %, 1 %
2022/12/07 23:23:34.433, NVIDIA A30, 54, 12 %, 1 %
2022/12/07 23:23:34.444, NVIDIA A30, 54, 12 %, 1 %
2022/12/07 23:23:34.456, NVIDIA A30, 54, 12 %, 1 %
2022/12/07 23:23:34.466, NVIDIA A30, 54, 12 %, 1 %
2022/12/07 23:23:34.478, NVIDIA A30, 54, 12 %, 1 %
2022/12/07 23:23:34.488, NVIDIA A30, 54, 12 %, 1 %
2022/12/07 23:23:34.499, NVIDIA A30, 54, 12 %, 1 %
2022/12/07 23:23:34.510, NVIDIA A30, 54, 12 %, 1 %
2022/12/07 23:23:34.521, NVIDIA A30, 54, 12 %, 1 %
2022/12/07 23:23:34.531, NVIDIA A30, 54, 12 %, 1 %
2022/12/07 23:23:34.542, NVIDIA A30, 54, 12 %, 1 %
2022/12/07 23:23:34.553, NVIDIA A30, 54, 12 %, 1 %
2022/12/07 23:23:34.564, NVIDIA A30, 54, 12 %, 1 %
2022/12/07 23:23:34.575, NVIDIA A30, 54, 0 %, 0 %
2022/12/07 23:23:34.585, NVIDIA A30, 54, 0 %, 0 %
2022/12/07 23:23:34.597, NVIDIA A30, 54, 0 %, 0 %
2022/12/07 23:23:34.608, NVIDIA A30, 54, 0 %, 0 %
2022/12/07 23:23:34.619, NVIDIA A30, 54, 0 %, 0 %
2022/12/07 23:23:34.630, NVIDIA A30, 54, 0 %, 0 %
2022/12/07 23:23:34.640, NVIDIA A30, 54, 0 %, 0 %
2022/12/07 23:23:34.651, NVIDIA A30, 54, 0 %, 0 %
2022/12/07 23:23:34.662, NVIDIA A30, 54, 0 %, 0 %
2022/12/07 23:23:34.673, NVIDIA A30, 54, 0 %, 0 %
2022/12/07 23:23:34.684, NVIDIA A30, 54, 0 %, 0 %
2022/12/07 23:23:34.694, NVIDIA A30, 54, 0 %, 0 %
2022/12/07 23:23:34.705, NVIDIA A30, 54, 0 %, 0 %
2022/12/07 23:23:34.716, NVIDIA A30, 54, 0 %, 0 %
2022/12/07 23:23:34.727, NVIDIA A30, 54, 0 %, 0 %
2022/12/07 23:23:34.738, NVIDIA A30, 54, 0 %, 0 %
2022/12/07 23:23:34.749, NVIDIA A30, 54, 0 %, 0 %
2022/12/07 23:23:34.760, NVIDIA A30, 54, 0 %, 0 %
2022/12/07 23:23:34.771, NVIDIA A30, 54, 0 %, 0 %
2022/12/07 23:23:34.782, NVIDIA A30, 54, 0 %, 0 %
2022/12/07 23:23:34.793, NVIDIA A30, 54, 0 %, 0 %
2022/12/07 23:23:34.804, NVIDIA A30, 54, 0 %, 0 %
2022/12/07 23:23:34.814, NVIDIA A30, 54, 0 %, 0 %
2022/12/07 23:23:34.825, NVIDIA A30, 54, 0 %, 0 %
2022/12/07 23:23:34.836, NVIDIA A30, 54, 0 %, 0 %
2022/12/07 23:23:34.847, NVIDIA A30, 54, 0 %, 0 %
2022/12/07 23:23:34.857, NVIDIA A30, 54, 0 %, 0 %
2022/12/07 23:23:34.868, NVIDIA A30, 54, 0 %, 0 %
2022/12/07 23:23:34.879, NVIDIA A30, 54, 0 %, 0 %
2022/12/07 23:23:34.890, NVIDIA A30, 54, 0 %, 0 %
2022/12/07 23:23:34.901, NVIDIA A30, 54, 0 %, 0 %
2022/12/07 23:23:34.912, NVIDIA A30, 54, 0 %, 0 %
2022/12/07 23:23:34.923, NVIDIA A30, 54, 0 %, 0 %
2022/12/07 23:23:34.934, NVIDIA A30, 54, 0 %, 0 %
2022/12/07 23:23:34.945, NVIDIA A30, 54, 0 %, 0 %
2022/12/07 23:23:34.956, NVIDIA A30, 54, 0 %, 0 %
2022/12/07 23:23:34.967, NVIDIA A30, 54, 0 %, 0 %
2022/12/07 23:23:34.977, NVIDIA A30, 54, 0 %, 0 %
2022/12/07 23:23:34.988, NVIDIA A30, 54, 0 %, 0 %
2022/12/07 23:23:34.999, NVIDIA A30, 54, 0 %, 0 %
2022/12/07 23:23:35.010, NVIDIA A30, 54, 0 %, 0 %
2022/12/07 23:23:35.021, NVIDIA A30, 54, 0 %, 0 %
2022/12/07 23:23:35.032, NVIDIA A30, 54, 0 %, 0 %
2022/12/07 23:23:35.043, NVIDIA A30, 54, 0 %, 0 %
2022/12/07 23:23:35.054, NVIDIA A30, 54, 0 %, 0 %
2022/12/07 23:23:35.065, NVIDIA A30, 54, 0 %, 0 %
2022/12/07 23:23:35.076, NVIDIA A30, 54, 0 %, 0 %
2022/12/07 23:23:35.086, NVIDIA A30, 54, 0 %, 0 %
2022/12/07 23:23:35.097, NVIDIA A30, 54, 0 %, 0 %
2022/12/07 23:23:35.108, NVIDIA A30, 54, 0 %, 0 %
2022/12/07 23:23:35.119, NVIDIA A30, 54, 0 %, 0 %
2022/12/07 23:23:35.130, NVIDIA A30, 54, 0 %, 0 %
2022/12/07 23:23:35.141, NVIDIA A30, 54, 0 %, 0 %
2022/12/07 23:23:35.152, NVIDIA A30, 54, 0 %, 0 %
2022/12/07 23:23:35.163, NVIDIA A30, 54, 0 %, 0 %
2022/12/07 23:23:35.174, NVIDIA A30, 54, 0 %, 0 %
2022/12/07 23:23:35.185, NVIDIA A30, 54, 0 %, 0 %
2022/12/07 23:23:35.196, NVIDIA A30, 54, 0 %, 0 %
2022/12/07 23:23:35.207, NVIDIA A30, 54, 0 %, 0 %
2022/12/07 23:23:35.218, NVIDIA A30, 54, 0 %, 0 %
2022/12/07 23:23:35.229, NVIDIA A30, 54, 0 %, 0 %
2022/12/07 23:23:35.239, NVIDIA A30, 54, 0 %, 0 %
2022/12/07 23:23:35.250, NVIDIA A30, 54, 0 %, 0 %
2022/12/07 23:23:35.261, NVIDIA A30, 54, 0 %, 0 %
2022/12/07 23:23:35.272, NVIDIA A30, 54, 0 %, 0 %
2022/12/07 23:23:35.283, NVIDIA A30, 54, 0 %, 0 %
2022/12/07 23:23:35.294, NVIDIA A30, 54, 0 %, 0 %
2022/12/07 23:23:35.305, NVIDIA A30, 54, 0 %, 0 %
2022/12/07 23:23:35.316, NVIDIA A30, 54, 0 %, 0 %
2022/12/07 23:23:35.327, NVIDIA A30, 54, 0 %, 0 %
2022/12/07 23:23:35.338, NVIDIA A30, 54, 0 %, 0 %
2022/12/07 23:23:35.349, NVIDIA A30, 54, 0 %, 0 %
2022/12/07 23:23:35.359, NVIDIA A30, 54, 0 %, 0 %
2022/12/07 23:23:35.370, NVIDIA A30, 54, 0 %, 0 %
2022/12/07 23:23:35.381, NVIDIA A30, 54, 0 %, 0 %
2022/12/07 23:23:35.392, NVIDIA A30, 54, 0 %, 0 %
2022/12/07 23:23:35.403, NVIDIA A30, 54, 0 %, 0 %
2022/12/07 23:23:35.413, NVIDIA A30, 54, 0 %, 0 %
2022/12/07 23:23:35.425, NVIDIA A30, 54, 0 %, 0 %
2022/12/07 23:23:35.435, NVIDIA A30, 54, 0 %, 0 %
2022/12/07 23:23:35.446, NVIDIA A30, 54, 0 %, 0 %
2022/12/07 23:23:35.457, NVIDIA A30, 54, 0 %, 0 %
2022/12/07 23:23:35.468, NVIDIA A30, 54, 0 %, 0 %
2022/12/07 23:23:35.479, NVIDIA A30, 54, 0 %, 0 %
2022/12/07 23:23:35.490, NVIDIA A30, 54, 0 %, 0 %
2022/12/07 23:23:35.500, NVIDIA A30, 54, 0 %, 0 %
2022/12/07 23:23:35.511, NVIDIA A30, 54, 0 %, 0 %
2022/12/07 23:23:35.522, NVIDIA A30, 54, 0 %, 0 %
2022/12/07 23:23:35.533, NVIDIA A30, 54, 0 %, 0 %
2022/12/07 23:23:35.544, NVIDIA A30, 54, 0 %, 0 %
2022/12/07 23:23:35.555, NVIDIA A30, 54, 0 %, 0 %
2022/12/07 23:23:35.566, NVIDIA A30, 54, 0 %, 0 %
2022/12/07 23:23:35.577, NVIDIA A30, 54, 0 %, 0 %
2022/12/07 23:23:35.589, NVIDIA A30, 54, 0 %, 0 %
2022/12/07 23:23:35.600, NVIDIA A30, 54, 0 %, 0 %
2022/12/07 23:23:35.611, NVIDIA A30, 54, 0 %, 0 %
2022/12/07 23:23:35.622, NVIDIA A30, 53, 0 %, 0 %
2022/12/07 23:23:35.633, NVIDIA A30, 53, 0 %, 0 %
2022/12/07 23:23:35.644, NVIDIA A30, 53, 0 %, 0 %
2022/12/07 23:23:35.655, NVIDIA A30, 53, 0 %, 0 %
2022/12/07 23:23:35.666, NVIDIA A30, 53, 0 %, 0 %
2022/12/07 23:23:35.678, NVIDIA A30, 53, 0 %, 0 %
2022/12/07 23:23:35.689, NVIDIA A30, 53, 0 %, 0 %
2022/12/07 23:23:35.700, NVIDIA A30, 53, 0 %, 0 %
2022/12/07 23:23:35.711, NVIDIA A30, 53, 0 %, 0 %
2022/12/07 23:23:35.722, NVIDIA A30, 53, 0 %, 0 %
2022/12/07 23:23:35.733, NVIDIA A30, 53, 0 %, 0 %
2022/12/07 23:23:35.744, NVIDIA A30, 53, 0 %, 0 %
2022/12/07 23:23:35.755, NVIDIA A30, 53, 0 %, 0 %
2022/12/07 23:23:35.766, NVIDIA A30, 53, 0 %, 0 %
2022/12/07 23:23:35.777, NVIDIA A30, 53, 0 %, 0 %
2022/12/07 23:23:35.789, NVIDIA A30, 53, 0 %, 0 %
2022/12/07 23:23:35.800, NVIDIA A30, 53, 0 %, 0 %
2022/12/07 23:23:35.811, NVIDIA A30, 53, 0 %, 0 %
2022/12/07 23:23:35.822, NVIDIA A30, 53, 0 %, 0 %
2022/12/07 23:23:35.833, NVIDIA A30, 53, 0 %, 0 %
2022/12/07 23:23:35.844, NVIDIA A30, 53, 0 %, 0 %
2022/12/07 23:23:35.855, NVIDIA A30, 53, 0 %, 0 %
2022/12/07 23:23:35.866, NVIDIA A30, 53, 0 %, 0 %
2022/12/07 23:23:35.877, NVIDIA A30, 53, 0 %, 0 %
2022/12/07 23:23:35.888, NVIDIA A30, 53, 0 %, 0 %
2022/12/07 23:23:35.899, NVIDIA A30, 53, 0 %, 0 %
2022/12/07 23:23:35.911, NVIDIA A30, 53, 0 %, 0 %
2022/12/07 23:23:35.922, NVIDIA A30, 53, 0 %, 0 %
2022/12/07 23:23:35.933, NVIDIA A30, 53, 0 %, 0 %
2022/12/07 23:23:35.944, NVIDIA A30, 53, 0 %, 0 %
2022/12/07 23:23:35.955, NVIDIA A30, 53, 0 %, 0 %
2022/12/07 23:23:35.965, NVIDIA A30, 53, 0 %, 0 %
2022/12/07 23:23:35.976, NVIDIA A30, 53, 0 %, 0 %
2022/12/07 23:23:35.987, NVIDIA A30, 53, 0 %, 0 %
2022/12/07 23:23:35.999, NVIDIA A30, 53, 0 %, 0 %
2022/12/07 23:23:36.010, NVIDIA A30, 53, 0 %, 0 %
2022/12/07 23:23:36.022, NVIDIA A30, 53, 0 %, 0 %
2022/12/07 23:23:36.033, NVIDIA A30, 53, 0 %, 0 %
2022/12/07 23:23:36.044, NVIDIA A30, 53, 0 %, 0 %
2022/12/07 23:23:36.055, NVIDIA A30, 53, 0 %, 0 %
2022/12/07 23:23:36.066, NVIDIA A30, 53, 0 %, 0 %
2022/12/07 23:23:36.078, NVIDIA A30, 53, 0 %, 0 %
2022/12/07 23:23:36.089, NVIDIA A30, 53, 0 %, 0 %
2022/12/07 23:23:36.100, NVIDIA A30, 53, 0 %, 0 %
2022/12/07 23:23:36.112, NVIDIA A30, 53, 0 %, 0 %
2022/12/07 23:23:36.123, NVIDIA A30, 53, 0 %, 0 %
2022/12/07 23:23:36.135, NVIDIA A30, 53, 0 %, 0 %
2022/12/07 23:23:36.146, NVIDIA A30, 53, 0 %, 0 %
2022/12/07 23:23:36.157, NVIDIA A30, 53, 0 %, 0 %
2022/12/07 23:23:36.168, NVIDIA A30, 53, 0 %, 0 %
2022/12/07 23:23:36.179, NVIDIA A30, 53, 0 %, 0 %
2022/12/07 23:23:36.192, NVIDIA A30, 53, 0 %, 0 %
2022/12/07 23:23:36.203, NVIDIA A30, 53, 0 %, 0 %
2022/12/07 23:23:36.214, NVIDIA A30, 53, 0 %, 0 %
2022/12/07 23:23:36.226, NVIDIA A30, 53, 0 %, 0 %
2022/12/07 23:23:36.237, NVIDIA A30, 53, 0 %, 0 %
2022/12/07 23:23:36.248, NVIDIA A30, 53, 0 %, 0 %
2022/12/07 23:23:36.259, NVIDIA A30, 53, 0 %, 0 %
2022/12/07 23:23:36.270, NVIDIA A30, 53, 0 %, 0 %
2022/12/07 23:23:36.282, NVIDIA A30, 53, 0 %, 0 %
2022/12/07 23:23:36.293, NVIDIA A30, 53, 0 %, 0 %
2022/12/07 23:23:36.305, NVIDIA A30, 53, 0 %, 0 %
2022/12/07 23:23:36.316, NVIDIA A30, 53, 0 %, 0 %
2022/12/07 23:23:36.327, NVIDIA A30, 53, 0 %, 0 %
2022/12/07 23:23:36.338, NVIDIA A30, 53, 0 %, 0 %
2022/12/07 23:23:36.349, NVIDIA A30, 53, 0 %, 0 %
2022/12/07 23:23:36.361, NVIDIA A30, 53, 0 %, 0 %
2022/12/07 23:23:36.372, NVIDIA A30, 53, 0 %, 0 %
2022/12/07 23:23:36.383, NVIDIA A30, 53, 0 %, 0 %
2022/12/07 23:23:36.395, NVIDIA A30, 53, 0 %, 0 %
2022/12/07 23:23:36.407, NVIDIA A30, 53, 0 %, 0 %
2022/12/07 23:23:36.418, NVIDIA A30, 53, 0 %, 0 %
2022/12/07 23:23:36.429, NVIDIA A30, 53, 0 %, 0 %
2022/12/07 23:23:36.440, NVIDIA A30, 53, 0 %, 0 %
2022/12/07 23:23:36.451, NVIDIA A30, 53, 0 %, 0 %
2022/12/07 23:23:36.463, NVIDIA A30, 53, 0 %, 0 %
2022/12/07 23:23:36.474, NVIDIA A30, 53, 0 %, 0 %
2022/12/07 23:23:36.486, NVIDIA A30, 53, 0 %, 0 %
2022/12/07 23:23:36.497, NVIDIA A30, 53, 0 %, 0 %
2022/12/07 23:23:36.508, NVIDIA A30, 53, 0 %, 0 %
2022/12/07 23:23:36.519, NVIDIA A30, 53, 0 %, 0 %
2022/12/07 23:23:36.530, NVIDIA A30, 52, 0 %, 0 %
2022/12/07 23:23:36.542, NVIDIA A30, 52, 0 %, 0 %
2022/12/07 23:23:36.553, NVIDIA A30, 52, 0 %, 0 %
2022/12/07 23:23:36.564, NVIDIA A30, 52, 0 %, 0 %
2022/12/07 23:23:36.576, NVIDIA A30, 52, 0 %, 0 %
2022/12/07 23:23:36.587, NVIDIA A30, 52, 0 %, 0 %
2022/12/07 23:23:36.600, NVIDIA A30, 52, 0 %, 0 %
2022/12/07 23:23:36.611, NVIDIA A30, 52, 0 %, 0 %
2022/12/07 23:23:36.622, NVIDIA A30, 52, 0 %, 0 %
2022/12/07 23:23:36.633, NVIDIA A30, 52, 0 %, 0 %
2022/12/07 23:23:36.645, NVIDIA A30, 52, 0 %, 0 %
2022/12/07 23:23:36.656, NVIDIA A30, 52, 0 %, 0 %
2022/12/07 23:23:36.668, NVIDIA A30, 52, 0 %, 0 %
2022/12/07 23:23:36.679, NVIDIA A30, 52, 0 %, 0 %
2022/12/07 23:23:36.690, NVIDIA A30, 52, 0 %, 0 %
2022/12/07 23:23:36.701, NVIDIA A30, 52, 0 %, 0 %
2022/12/07 23:23:36.712, NVIDIA A30, 52, 0 %, 0 %
2022/12/07 23:23:36.724, NVIDIA A30, 52, 0 %, 0 %
2022/12/07 23:23:36.735, NVIDIA A30, 52, 0 %, 0 %
2022/12/07 23:23:36.746, NVIDIA A30, 52, 0 %, 0 %
2022/12/07 23:23:36.758, NVIDIA A30, 52, 0 %, 0 %
2022/12/07 23:23:36.769, NVIDIA A30, 52, 0 %, 0 %
2022/12/07 23:23:36.780, NVIDIA A30, 52, 0 %, 0 %
2022/12/07 23:23:36.792, NVIDIA A30, 52, 0 %, 0 %
2022/12/07 23:23:36.804, NVIDIA A30, 52, 0 %, 0 %
2022/12/07 23:23:36.816, NVIDIA A30, 52, 0 %, 0 %
2022/12/07 23:23:36.827, NVIDIA A30, 52, 0 %, 0 %
2022/12/07 23:23:36.839, NVIDIA A30, 52, 0 %, 0 %
2022/12/07 23:23:36.850, NVIDIA A30, 52, 0 %, 0 %
2022/12/07 23:23:36.861, NVIDIA A30, 52, 0 %, 0 %
2022/12/07 23:23:36.872, NVIDIA A30, 52, 0 %, 0 %
2022/12/07 23:23:36.883, NVIDIA A30, 52, 0 %, 0 %
2022/12/07 23:23:36.895, NVIDIA A30, 52, 0 %, 0 %
2022/12/07 23:23:36.906, NVIDIA A30, 52, 0 %, 0 %
2022/12/07 23:23:36.917, NVIDIA A30, 52, 0 %, 0 %
2022/12/07 23:23:36.928, NVIDIA A30, 52, 0 %, 0 %
2022/12/07 23:23:36.940, NVIDIA A30, 52, 0 %, 0 %
2022/12/07 23:23:36.951, NVIDIA A30, 52, 0 %, 0 %
2022/12/07 23:23:36.962, NVIDIA A30, 52, 0 %, 0 %
2022/12/07 23:23:36.974, NVIDIA A30, 52, 0 %, 0 %
2022/12/07 23:23:36.985, NVIDIA A30, 52, 0 %, 0 %
2022/12/07 23:23:36.996, NVIDIA A30, 52, 0 %, 0 %
2022/12/07 23:23:37.009, NVIDIA A30, 52, 0 %, 0 %
2022/12/07 23:23:37.020, NVIDIA A30, 52, 0 %, 0 %
2022/12/07 23:23:37.032, NVIDIA A30, 52, 0 %, 0 %
2022/12/07 23:23:37.043, NVIDIA A30, 52, 0 %, 0 %
2022/12/07 23:23:37.054, NVIDIA A30, 52, 0 %, 0 %
2022/12/07 23:23:37.066, NVIDIA A30, 52, 0 %, 0 %
2022/12/07 23:23:37.077, NVIDIA A30, 52, 0 %, 0 %
2022/12/07 23:23:37.088, NVIDIA A30, 52, 0 %, 0 %
2022/12/07 23:23:37.099, NVIDIA A30, 52, 0 %, 0 %
2022/12/07 23:23:37.111, NVIDIA A30, 52, 0 %, 0 %
2022/12/07 23:23:37.122, NVIDIA A30, 52, 0 %, 0 %
2022/12/07 23:23:37.134, NVIDIA A30, 52, 0 %, 0 %
2022/12/07 23:23:37.145, NVIDIA A30, 52, 0 %, 0 %
2022/12/07 23:23:37.156, NVIDIA A30, 52, 0 %, 0 %
2022/12/07 23:23:37.167, NVIDIA A30, 52, 0 %, 0 %
2022/12/07 23:23:37.178, NVIDIA A30, 52, 0 %, 0 %
2022/12/07 23:23:37.190, NVIDIA A30, 52, 0 %, 0 %
2022/12/07 23:23:37.202, NVIDIA A30, 52, 0 %, 0 %
2022/12/07 23:23:37.213, NVIDIA A30, 52, 0 %, 0 %
2022/12/07 23:23:37.225, NVIDIA A30, 52, 0 %, 0 %
2022/12/07 23:23:37.236, NVIDIA A30, 52, 0 %, 0 %
2022/12/07 23:23:37.247, NVIDIA A30, 52, 0 %, 0 %
2022/12/07 23:23:37.259, NVIDIA A30, 52, 0 %, 0 %
2022/12/07 23:23:37.270, NVIDIA A30, 52, 0 %, 0 %
2022/12/07 23:23:37.281, NVIDIA A30, 52, 0 %, 0 %
2022/12/07 23:23:37.292, NVIDIA A30, 52, 0 %, 0 %
2022/12/07 23:23:37.304, NVIDIA A30, 52, 0 %, 0 %
2022/12/07 23:23:37.315, NVIDIA A30, 52, 0 %, 0 %
2022/12/07 23:23:37.326, NVIDIA A30, 52, 0 %, 0 %
2022/12/07 23:23:37.338, NVIDIA A30, 52, 0 %, 0 %
2022/12/07 23:23:37.349, NVIDIA A30, 52, 0 %, 0 %
2022/12/07 23:23:37.360, NVIDIA A30, 52, 0 %, 0 %
2022/12/07 23:23:37.371, NVIDIA A30, 52, 0 %, 0 %
2022/12/07 23:23:37.383, NVIDIA A30, 52, 0 %, 0 %
2022/12/07 23:23:37.394, NVIDIA A30, 52, 0 %, 0 %
2022/12/07 23:23:37.405, NVIDIA A30, 52, 0 %, 0 %
2022/12/07 23:23:37.417, NVIDIA A30, 52, 0 %, 0 %
2022/12/07 23:23:37.428, NVIDIA A30, 52, 0 %, 0 %
2022/12/07 23:23:37.439, NVIDIA A30, 52, 0 %, 0 %
2022/12/07 23:23:37.450, NVIDIA A30, 52, 0 %, 0 %
2022/12/07 23:23:37.461, NVIDIA A30, 52, 0 %, 0 %
2022/12/07 23:23:37.473, NVIDIA A30, 52, 0 %, 0 %
2022/12/07 23:23:37.484, NVIDIA A30, 52, 0 %, 0 %
2022/12/07 23:23:37.495, NVIDIA A30, 52, 0 %, 0 %
2022/12/07 23:23:37.507, NVIDIA A30, 52, 0 %, 0 %
2022/12/07 23:23:37.518, NVIDIA A30, 52, 0 %, 0 %
2022/12/07 23:23:37.529, NVIDIA A30, 52, 0 %, 0 %
2022/12/07 23:23:37.540, NVIDIA A30, 52, 0 %, 0 %
2022/12/07 23:23:37.552, NVIDIA A30, 52, 0 %, 0 %
2022/12/07 23:23:37.563, NVIDIA A30, 52, 0 %, 0 %
2022/12/07 23:23:37.574, NVIDIA A30, 52, 0 %, 0 %
2022/12/07 23:23:37.585, NVIDIA A30, 52, 0 %, 0 %
2022/12/07 23:23:37.596, NVIDIA A30, 52, 0 %, 0 %
2022/12/07 23:23:37.608, NVIDIA A30, 52, 0 %, 0 %
2022/12/07 23:23:37.620, NVIDIA A30, 52, 0 %, 0 %
2022/12/07 23:23:37.631, NVIDIA A30, 52, 0 %, 0 %
2022/12/07 23:23:37.642, NVIDIA A30, 52, 0 %, 0 %
2022/12/07 23:23:37.653, NVIDIA A30, 52, 0 %, 0 %
2022/12/07 23:23:37.664, NVIDIA A30, 52, 0 %, 0 %
2022/12/07 23:23:37.676, NVIDIA A30, 52, 0 %, 0 %
2022/12/07 23:23:37.687, NVIDIA A30, 52, 0 %, 0 %
2022/12/07 23:23:37.699, NVIDIA A30, 52, 0 %, 0 %
2022/12/07 23:23:37.711, NVIDIA A30, 52, 0 %, 0 %
2022/12/07 23:23:37.722, NVIDIA A30, 52, 0 %, 0 %
2022/12/07 23:23:37.733, NVIDIA A30, 52, 0 %, 0 %
2022/12/07 23:23:37.744, NVIDIA A30, 52, 0 %, 0 %
2022/12/07 23:23:37.756, NVIDIA A30, 52, 0 %, 0 %
2022/12/07 23:23:37.767, NVIDIA A30, 52, 0 %, 0 %
2022/12/07 23:23:37.778, NVIDIA A30, 52, 0 %, 0 %
2022/12/07 23:23:37.790, NVIDIA A30, 52, 0 %, 0 %
2022/12/07 23:23:37.801, NVIDIA A30, 52, 0 %, 0 %
2022/12/07 23:23:37.812, NVIDIA A30, 52, 0 %, 0 %
2022/12/07 23:23:37.823, NVIDIA A30, 52, 0 %, 0 %
2022/12/07 23:23:37.835, NVIDIA A30, 52, 0 %, 0 %
2022/12/07 23:23:37.846, NVIDIA A30, 52, 0 %, 0 %
2022/12/07 23:23:37.857, NVIDIA A30, 52, 0 %, 0 %
2022/12/07 23:23:37.868, NVIDIA A30, 52, 0 %, 0 %
2022/12/07 23:23:37.880, NVIDIA A30, 52, 0 %, 0 %
2022/12/07 23:23:37.891, NVIDIA A30, 52, 0 %, 0 %
2022/12/07 23:23:37.903, NVIDIA A30, 52, 0 %, 0 %
2022/12/07 23:23:37.914, NVIDIA A30, 52, 0 %, 0 %
2022/12/07 23:23:37.925, NVIDIA A30, 52, 0 %, 0 %
2022/12/07 23:23:37.936, NVIDIA A30, 52, 0 %, 0 %
2022/12/07 23:23:37.948, NVIDIA A30, 52, 0 %, 0 %
2022/12/07 23:23:37.959, NVIDIA A30, 52, 0 %, 0 %
2022/12/07 23:23:37.970, NVIDIA A30, 52, 0 %, 0 %
2022/12/07 23:23:37.982, NVIDIA A30, 52, 0 %, 0 %
2022/12/07 23:23:37.993, NVIDIA A30, 52, 0 %, 0 %
2022/12/07 23:23:38.004, NVIDIA A30, 52, 0 %, 0 %
2022/12/07 23:23:38.016, NVIDIA A30, 52, 0 %, 0 %
2022/12/07 23:23:38.027, NVIDIA A30, 52, 0 %, 0 %
2022/12/07 23:23:38.038, NVIDIA A30, 52, 0 %, 0 %
2022/12/07 23:23:38.049, NVIDIA A30, 52, 0 %, 0 %
2022/12/07 23:23:38.060, NVIDIA A30, 52, 0 %, 0 %
2022/12/07 23:23:38.072, NVIDIA A30, 52, 0 %, 0 %
2022/12/07 23:23:38.083, NVIDIA A30, 52, 0 %, 0 %
2022/12/07 23:23:38.094, NVIDIA A30, 52, 0 %, 0 %
2022/12/07 23:23:38.106, NVIDIA A30, 52, 0 %, 0 %
2022/12/07 23:23:38.117, NVIDIA A30, 52, 0 %, 0 %
2022/12/07 23:23:38.128, NVIDIA A30, 52, 0 %, 0 %
2022/12/07 23:23:38.139, NVIDIA A30, 52, 0 %, 0 %
2022/12/07 23:23:38.151, NVIDIA A30, 52, 0 %, 0 %
2022/12/07 23:23:38.162, NVIDIA A30, 52, 0 %, 0 %
2022/12/07 23:23:38.173, NVIDIA A30, 52, 0 %, 0 %
2022/12/07 23:23:38.185, NVIDIA A30, 52, 0 %, 0 %
2022/12/07 23:23:38.196, NVIDIA A30, 52, 0 %, 0 %
2022/12/07 23:23:38.207, NVIDIA A30, 52, 0 %, 0 %
2022/12/07 23:23:38.219, NVIDIA A30, 52, 0 %, 0 %
2022/12/07 23:23:38.230, NVIDIA A30, 52, 0 %, 0 %
2022/12/07 23:23:38.241, NVIDIA A30, 52, 0 %, 0 %
2022/12/07 23:23:38.252, NVIDIA A30, 52, 0 %, 0 %
2022/12/07 23:23:38.264, NVIDIA A30, 52, 0 %, 0 %
2022/12/07 23:23:38.275, NVIDIA A30, 52, 0 %, 0 %
2022/12/07 23:23:38.287, NVIDIA A30, 52, 0 %, 0 %
2022/12/07 23:23:38.298, NVIDIA A30, 52, 0 %, 0 %
2022/12/07 23:23:38.309, NVIDIA A30, 52, 0 %, 0 %
2022/12/07 23:23:38.320, NVIDIA A30, 52, 0 %, 0 %
2022/12/07 23:23:38.331, NVIDIA A30, 52, 0 %, 0 %
2022/12/07 23:23:38.343, NVIDIA A30, 52, 0 %, 0 %
2022/12/07 23:23:38.354, NVIDIA A30, 52, 0 %, 0 %
2022/12/07 23:23:38.365, NVIDIA A30, 52, 0 %, 0 %
2022/12/07 23:23:38.377, NVIDIA A30, 52, 0 %, 0 %
2022/12/07 23:23:38.388, NVIDIA A30, 52, 0 %, 0 %
2022/12/07 23:23:38.399, NVIDIA A30, 52, 0 %, 0 %
2022/12/07 23:23:38.411, NVIDIA A30, 52, 0 %, 0 %
2022/12/07 23:23:38.422, NVIDIA A30, 52, 0 %, 0 %
2022/12/07 23:23:38.433, NVIDIA A30, 52, 0 %, 0 %
2022/12/07 23:23:38.444, NVIDIA A30, 52, 0 %, 0 %
2022/12/07 23:23:38.456, NVIDIA A30, 52, 0 %, 0 %
2022/12/07 23:23:38.467, NVIDIA A30, 52, 0 %, 0 %
2022/12/07 23:23:38.478, NVIDIA A30, 52, 0 %, 0 %
2022/12/07 23:23:38.490, NVIDIA A30, 52, 0 %, 0 %
2022/12/07 23:23:38.501, NVIDIA A30, 52, 0 %, 0 %
2022/12/07 23:23:38.512, NVIDIA A30, 52, 0 %, 0 %
2022/12/07 23:23:38.523, NVIDIA A30, 52, 0 %, 0 %
2022/12/07 23:23:38.535, NVIDIA A30, 52, 0 %, 0 %
2022/12/07 23:23:38.547, NVIDIA A30, 52, 0 %, 0 %
2022/12/07 23:23:38.558, NVIDIA A30, 52, 0 %, 0 %
2022/12/07 23:23:38.569, NVIDIA A30, 52, 0 %, 0 %
2022/12/07 23:23:38.580, NVIDIA A30, 52, 0 %, 0 %
2022/12/07 23:23:38.591, NVIDIA A30, 52, 0 %, 0 %
2022/12/07 23:23:38.603, NVIDIA A30, 52, 0 %, 0 %
2022/12/07 23:23:38.614, NVIDIA A30, 52, 0 %, 0 %
2022/12/07 23:23:38.625, NVIDIA A30, 52, 0 %, 0 %
2022/12/07 23:23:38.637, NVIDIA A30, 52, 0 %, 0 %
2022/12/07 23:23:38.648, NVIDIA A30, 52, 0 %, 0 %
2022/12/07 23:23:38.660, NVIDIA A30, 52, 0 %, 0 %
2022/12/07 23:23:38.671, NVIDIA A30, 52, 0 %, 0 %
2022/12/07 23:23:38.682, NVIDIA A30, 52, 0 %, 0 %
2022/12/07 23:23:38.693, NVIDIA A30, 52, 0 %, 0 %
2022/12/07 23:23:38.704, NVIDIA A30, 52, 0 %, 0 %
2022/12/07 23:23:38.716, NVIDIA A30, 52, 0 %, 0 %
2022/12/07 23:23:38.727, NVIDIA A30, 52, 0 %, 0 %
2022/12/07 23:23:38.738, NVIDIA A30, 52, 0 %, 0 %
2022/12/07 23:23:38.750, NVIDIA A30, 52, 0 %, 0 %
2022/12/07 23:23:38.761, NVIDIA A30, 52, 0 %, 0 %
2022/12/07 23:23:38.772, NVIDIA A30, 52, 0 %, 0 %
2022/12/07 23:23:38.783, NVIDIA A30, 52, 0 %, 0 %
2022/12/07 23:23:38.794, NVIDIA A30, 52, 0 %, 0 %
2022/12/07 23:23:38.805, NVIDIA A30, 52, 0 %, 0 %
2022/12/07 23:23:38.817, NVIDIA A30, 52, 0 %, 0 %
2022/12/07 23:23:38.828, NVIDIA A30, 52, 0 %, 0 %
2022/12/07 23:23:38.839, NVIDIA A30, 52, 0 %, 0 %
2022/12/07 23:23:38.851, NVIDIA A30, 52, 0 %, 0 %
2022/12/07 23:23:38.862, NVIDIA A30, 52, 0 %, 0 %
2022/12/07 23:23:38.873, NVIDIA A30, 52, 0 %, 0 %
2022/12/07 23:23:38.884, NVIDIA A30, 52, 0 %, 0 %
2022/12/07 23:23:38.895, NVIDIA A30, 52, 0 %, 0 %
2022/12/07 23:23:38.906, NVIDIA A30, 52, 0 %, 0 %
2022/12/07 23:23:38.918, NVIDIA A30, 52, 0 %, 0 %
2022/12/07 23:23:38.929, NVIDIA A30, 52, 0 %, 0 %
2022/12/07 23:23:38.940, NVIDIA A30, 52, 0 %, 0 %
2022/12/07 23:23:38.952, NVIDIA A30, 52, 0 %, 0 %
2022/12/07 23:23:38.963, NVIDIA A30, 52, 0 %, 0 %
2022/12/07 23:23:38.974, NVIDIA A30, 52, 0 %, 0 %
2022/12/07 23:23:38.985, NVIDIA A30, 52, 0 %, 0 %
2022/12/07 23:23:38.996, NVIDIA A30, 52, 0 %, 0 %
2022/12/07 23:23:39.008, NVIDIA A30, 52, 0 %, 0 %
2022/12/07 23:23:39.019, NVIDIA A30, 52, 0 %, 0 %
2022/12/07 23:23:39.030, NVIDIA A30, 52, 0 %, 0 %
2022/12/07 23:23:39.041, NVIDIA A30, 52, 0 %, 0 %
2022/12/07 23:23:39.053, NVIDIA A30, 52, 0 %, 0 %
2022/12/07 23:23:39.064, NVIDIA A30, 52, 0 %, 0 %
2022/12/07 23:23:39.075, NVIDIA A30, 52, 0 %, 0 %
2022/12/07 23:23:39.086, NVIDIA A30, 52, 0 %, 0 %
2022/12/07 23:23:39.097, NVIDIA A30, 52, 0 %, 0 %
2022/12/07 23:23:39.108, NVIDIA A30, 52, 0 %, 0 %
2022/12/07 23:23:39.120, NVIDIA A30, 52, 0 %, 0 %
2022/12/07 23:23:39.131, NVIDIA A30, 52, 0 %, 0 %
2022/12/07 23:23:39.142, NVIDIA A30, 52, 0 %, 0 %
2022/12/07 23:23:39.154, NVIDIA A30, 52, 0 %, 0 %
2022/12/07 23:23:39.165, NVIDIA A30, 52, 0 %, 0 %
2022/12/07 23:23:39.176, NVIDIA A30, 52, 0 %, 0 %
2022/12/07 23:23:39.187, NVIDIA A30, 52, 0 %, 0 %
2022/12/07 23:23:39.198, NVIDIA A30, 52, 0 %, 0 %
2022/12/07 23:23:39.210, NVIDIA A30, 52, 0 %, 0 %
2022/12/07 23:23:39.221, NVIDIA A30, 52, 0 %, 0 %
2022/12/07 23:23:39.232, NVIDIA A30, 52, 0 %, 0 %
2022/12/07 23:23:39.244, NVIDIA A30, 52, 0 %, 0 %
2022/12/07 23:23:39.255, NVIDIA A30, 52, 0 %, 0 %
2022/12/07 23:23:39.266, NVIDIA A30, 52, 0 %, 0 %
2022/12/07 23:23:39.277, NVIDIA A30, 52, 0 %, 0 %
2022/12/07 23:23:39.288, NVIDIA A30, 52, 0 %, 0 %
2022/12/07 23:23:39.300, NVIDIA A30, 52, 0 %, 0 %
2022/12/07 23:23:39.311, NVIDIA A30, 52, 0 %, 0 %
2022/12/07 23:23:39.322, NVIDIA A30, 52, 0 %, 0 %
2022/12/07 23:23:39.334, NVIDIA A30, 52, 0 %, 0 %
2022/12/07 23:23:39.345, NVIDIA A30, 52, 0 %, 0 %
2022/12/07 23:23:39.356, NVIDIA A30, 52, 0 %, 0 %
2022/12/07 23:23:39.368, NVIDIA A30, 52, 0 %, 0 %
2022/12/07 23:23:39.379, NVIDIA A30, 52, 0 %, 0 %
2022/12/07 23:23:39.390, NVIDIA A30, 52, 0 %, 0 %
2022/12/07 23:23:39.401, NVIDIA A30, 52, 0 %, 0 %
2022/12/07 23:23:39.412, NVIDIA A30, 52, 0 %, 0 %
2022/12/07 23:23:39.424, NVIDIA A30, 52, 0 %, 0 %
2022/12/07 23:23:39.435, NVIDIA A30, 52, 0 %, 0 %
2022/12/07 23:23:39.447, NVIDIA A30, 52, 0 %, 0 %
2022/12/07 23:23:39.458, NVIDIA A30, 52, 0 %, 0 %
2022/12/07 23:23:39.470, NVIDIA A30, 52, 0 %, 0 %
2022/12/07 23:23:39.481, NVIDIA A30, 52, 0 %, 0 %
2022/12/07 23:23:39.492, NVIDIA A30, 52, 0 %, 0 %
2022/12/07 23:23:39.503, NVIDIA A30, 52, 0 %, 0 %
2022/12/07 23:23:39.514, NVIDIA A30, 52, 0 %, 0 %
2022/12/07 23:23:39.526, NVIDIA A30, 52, 0 %, 0 %
2022/12/07 23:23:39.537, NVIDIA A30, 52, 0 %, 0 %
2022/12/07 23:23:39.548, NVIDIA A30, 52, 0 %, 0 %
2022/12/07 23:23:39.560, NVIDIA A30, 52, 0 %, 0 %
2022/12/07 23:23:39.571, NVIDIA A30, 52, 0 %, 0 %
2022/12/07 23:23:39.582, NVIDIA A30, 52, 0 %, 0 %
2022/12/07 23:23:39.593, NVIDIA A30, 52, 0 %, 0 %
2022/12/07 23:23:39.604, NVIDIA A30, 52, 0 %, 0 %
2022/12/07 23:23:39.616, NVIDIA A30, 52, 0 %, 0 %
2022/12/07 23:23:39.627, NVIDIA A30, 52, 0 %, 0 %
2022/12/07 23:23:39.638, NVIDIA A30, 52, 0 %, 0 %
2022/12/07 23:23:39.650, NVIDIA A30, 52, 0 %, 0 %
2022/12/07 23:23:39.661, NVIDIA A30, 52, 0 %, 0 %
2022/12/07 23:23:39.672, NVIDIA A30, 52, 0 %, 0 %
2022/12/07 23:23:39.683, NVIDIA A30, 52, 0 %, 0 %
2022/12/07 23:23:39.694, NVIDIA A30, 52, 0 %, 0 %
2022/12/07 23:23:39.705, NVIDIA A30, 52, 0 %, 0 %
2022/12/07 23:23:39.717, NVIDIA A30, 52, 0 %, 0 %
2022/12/07 23:23:39.729, NVIDIA A30, 52, 0 %, 0 %
2022/12/07 23:23:39.740, NVIDIA A30, 52, 0 %, 0 %
2022/12/07 23:23:39.751, NVIDIA A30, 52, 0 %, 0 %
2022/12/07 23:23:39.762, NVIDIA A30, 52, 0 %, 0 %
2022/12/07 23:23:39.774, NVIDIA A30, 52, 0 %, 0 %
2022/12/07 23:23:39.785, NVIDIA A30, 52, 0 %, 0 %
2022/12/07 23:23:39.796, NVIDIA A30, 52, 0 %, 0 %
2022/12/07 23:23:39.807, NVIDIA A30, 52, 0 %, 0 %
2022/12/07 23:23:39.818, NVIDIA A30, 52, 0 %, 0 %
2022/12/07 23:23:39.830, NVIDIA A30, 52, 0 %, 0 %
2022/12/07 23:23:39.841, NVIDIA A30, 52, 0 %, 0 %
2022/12/07 23:23:39.852, NVIDIA A30, 52, 0 %, 0 %
2022/12/07 23:23:39.863, NVIDIA A30, 52, 0 %, 0 %
2022/12/07 23:23:39.875, NVIDIA A30, 52, 0 %, 0 %
2022/12/07 23:23:39.886, NVIDIA A30, 52, 0 %, 0 %
2022/12/07 23:23:39.897, NVIDIA A30, 52, 0 %, 0 %
2022/12/07 23:23:39.909, NVIDIA A30, 52, 0 %, 0 %
2022/12/07 23:23:39.920, NVIDIA A30, 52, 0 %, 0 %
2022/12/07 23:23:39.932, NVIDIA A30, 52, 0 %, 0 %
2022/12/07 23:23:39.943, NVIDIA A30, 52, 0 %, 0 %
2022/12/07 23:23:39.954, NVIDIA A30, 52, 0 %, 0 %
2022/12/07 23:23:39.966, NVIDIA A30, 52, 0 %, 0 %
2022/12/07 23:23:39.977, NVIDIA A30, 52, 0 %, 0 %
2022/12/07 23:23:39.988, NVIDIA A30, 52, 0 %, 0 %
2022/12/07 23:23:39.999, NVIDIA A30, 52, 0 %, 0 %
2022/12/07 23:23:40.011, NVIDIA A30, 52, 0 %, 0 %
2022/12/07 23:23:40.022, NVIDIA A30, 52, 0 %, 0 %
2022/12/07 23:23:40.034, NVIDIA A30, 52, 0 %, 0 %
2022/12/07 23:23:40.045, NVIDIA A30, 52, 0 %, 0 %
2022/12/07 23:23:40.056, NVIDIA A30, 52, 0 %, 0 %
2022/12/07 23:23:40.067, NVIDIA A30, 52, 0 %, 0 %
2022/12/07 23:23:40.079, NVIDIA A30, 52, 0 %, 0 %
2022/12/07 23:23:40.090, NVIDIA A30, 52, 0 %, 0 %
2022/12/07 23:23:40.101, NVIDIA A30, 52, 0 %, 0 %
2022/12/07 23:23:40.113, NVIDIA A30, 52, 0 %, 0 %
2022/12/07 23:23:40.124, NVIDIA A30, 52, 0 %, 0 %
2022/12/07 23:23:40.135, NVIDIA A30, 52, 0 %, 0 %
2022/12/07 23:23:40.146, NVIDIA A30, 52, 0 %, 0 %
2022/12/07 23:23:40.158, NVIDIA A30, 52, 0 %, 0 %
2022/12/07 23:23:40.169, NVIDIA A30, 52, 0 %, 0 %
2022/12/07 23:23:40.180, NVIDIA A30, 52, 0 %, 0 %
2022/12/07 23:23:40.192, NVIDIA A30, 52, 0 %, 0 %
2022/12/07 23:23:40.203, NVIDIA A30, 52, 0 %, 0 %
2022/12/07 23:23:40.214, NVIDIA A30, 52, 0 %, 0 %
2022/12/07 23:23:40.226, NVIDIA A30, 52, 0 %, 0 %
2022/12/07 23:23:40.237, NVIDIA A30, 52, 0 %, 0 %
2022/12/07 23:23:40.248, NVIDIA A30, 52, 0 %, 0 %
2022/12/07 23:23:40.259, NVIDIA A30, 52, 0 %, 0 %
2022/12/07 23:23:40.271, NVIDIA A30, 52, 0 %, 0 %
2022/12/07 23:23:40.282, NVIDIA A30, 52, 0 %, 0 %
2022/12/07 23:23:40.293, NVIDIA A30, 52, 0 %, 0 %
2022/12/07 23:23:40.305, NVIDIA A30, 52, 0 %, 0 %
2022/12/07 23:23:40.316, NVIDIA A30, 52, 0 %, 0 %
2022/12/07 23:23:40.327, NVIDIA A30, 52, 0 %, 0 %
2022/12/07 23:23:40.338, NVIDIA A30, 52, 0 %, 0 %
2022/12/07 23:23:40.350, NVIDIA A30, 52, 0 %, 0 %
2022/12/07 23:23:40.361, NVIDIA A30, 52, 0 %, 0 %
2022/12/07 23:23:40.372, NVIDIA A30, 52, 0 %, 0 %
2022/12/07 23:23:40.383, NVIDIA A30, 52, 0 %, 0 %
2022/12/07 23:23:40.395, NVIDIA A30, 52, 0 %, 0 %
2022/12/07 23:23:40.406, NVIDIA A30, 52, 0 %, 0 %
2022/12/07 23:23:40.418, NVIDIA A30, 52, 0 %, 0 %
2022/12/07 23:23:40.429, NVIDIA A30, 52, 0 %, 0 %
2022/12/07 23:23:40.440, NVIDIA A30, 52, 0 %, 0 %
2022/12/07 23:23:40.451, NVIDIA A30, 52, 0 %, 0 %
2022/12/07 23:23:40.462, NVIDIA A30, 52, 0 %, 0 %
2022/12/07 23:23:40.474, NVIDIA A30, 52, 0 %, 0 %
2022/12/07 23:23:40.485, NVIDIA A30, 52, 0 %, 0 %
2022/12/07 23:23:40.497, NVIDIA A30, 52, 0 %, 0 %
2022/12/07 23:23:40.508, NVIDIA A30, 52, 0 %, 0 %
2022/12/07 23:23:40.519, NVIDIA A30, 52, 0 %, 0 %
2022/12/07 23:23:40.530, NVIDIA A30, 52, 0 %, 0 %
2022/12/07 23:23:40.542, NVIDIA A30, 52, 0 %, 0 %
2022/12/07 23:23:40.553, NVIDIA A30, 52, 0 %, 0 %
2022/12/07 23:23:40.564, NVIDIA A30, 52, 0 %, 0 %
2022/12/07 23:23:40.576, NVIDIA A30, 52, 0 %, 0 %
2022/12/07 23:23:40.587, NVIDIA A30, 52, 0 %, 0 %
2022/12/07 23:23:40.598, NVIDIA A30, 52, 0 %, 0 %
2022/12/07 23:23:40.609, NVIDIA A30, 52, 0 %, 0 %
2022/12/07 23:23:40.621, NVIDIA A30, 52, 0 %, 0 %
2022/12/07 23:23:40.632, NVIDIA A30, 52, 0 %, 0 %
2022/12/07 23:23:40.643, NVIDIA A30, 52, 0 %, 0 %
2022/12/07 23:23:40.654, NVIDIA A30, 52, 0 %, 0 %
2022/12/07 23:23:40.666, NVIDIA A30, 52, 0 %, 0 %
2022/12/07 23:23:40.678, NVIDIA A30, 52, 0 %, 0 %
2022/12/07 23:23:40.689, NVIDIA A30, 52, 0 %, 0 %
2022/12/07 23:23:40.700, NVIDIA A30, 52, 0 %, 0 %
2022/12/07 23:23:40.711, NVIDIA A30, 52, 0 %, 0 %
2022/12/07 23:23:40.723, NVIDIA A30, 52, 0 %, 0 %
2022/12/07 23:23:40.734, NVIDIA A30, 52, 0 %, 0 %
2022/12/07 23:23:40.745, NVIDIA A30, 52, 0 %, 0 %
2022/12/07 23:23:40.757, NVIDIA A30, 52, 0 %, 0 %
2022/12/07 23:23:40.768, NVIDIA A30, 52, 0 %, 0 %
2022/12/07 23:23:40.780, NVIDIA A30, 52, 0 %, 0 %
2022/12/07 23:23:40.792, NVIDIA A30, 52, 0 %, 0 %
2022/12/07 23:23:40.803, NVIDIA A30, 52, 0 %, 0 %
2022/12/07 23:23:40.814, NVIDIA A30, 52, 0 %, 0 %
2022/12/07 23:23:40.825, NVIDIA A30, 52, 0 %, 0 %
2022/12/07 23:23:40.837, NVIDIA A30, 52, 0 %, 0 %
2022/12/07 23:23:40.848, NVIDIA A30, 52, 0 %, 0 %
2022/12/07 23:23:40.860, NVIDIA A30, 52, 0 %, 0 %
2022/12/07 23:23:40.871, NVIDIA A30, 52, 0 %, 0 %
2022/12/07 23:23:40.882, NVIDIA A30, 52, 0 %, 0 %
2022/12/07 23:23:40.893, NVIDIA A30, 52, 0 %, 0 %
2022/12/07 23:23:40.904, NVIDIA A30, 52, 0 %, 0 %
2022/12/07 23:23:40.916, NVIDIA A30, 52, 0 %, 0 %
2022/12/07 23:23:40.927, NVIDIA A30, 52, 0 %, 0 %
2022/12/07 23:23:40.938, NVIDIA A30, 52, 0 %, 0 %
2022/12/07 23:23:40.950, NVIDIA A30, 52, 0 %, 0 %
2022/12/07 23:23:40.961, NVIDIA A30, 52, 0 %, 0 %
2022/12/07 23:23:40.973, NVIDIA A30, 52, 0 %, 0 %
2022/12/07 23:23:40.984, NVIDIA A30, 52, 0 %, 0 %
2022/12/07 23:23:40.995, NVIDIA A30, 52, 0 %, 0 %
2022/12/07 23:23:41.007, NVIDIA A30, 52, 0 %, 0 %
2022/12/07 23:23:41.018, NVIDIA A30, 52, 0 %, 0 %
2022/12/07 23:23:41.029, NVIDIA A30, 52, 0 %, 0 %
2022/12/07 23:23:41.040, NVIDIA A30, 52, 0 %, 0 %
2022/12/07 23:23:41.052, NVIDIA A30, 52, 0 %, 0 %
2022/12/07 23:23:41.063, NVIDIA A30, 52, 0 %, 0 %
2022/12/07 23:23:41.075, NVIDIA A30, 52, 0 %, 0 %
2022/12/07 23:23:41.086, NVIDIA A30, 52, 0 %, 0 %
2022/12/07 23:23:41.097, NVIDIA A30, 52, 0 %, 0 %
2022/12/07 23:23:41.108, NVIDIA A30, 52, 0 %, 0 %
2022/12/07 23:23:41.119, NVIDIA A30, 52, 0 %, 0 %
2022/12/07 23:23:41.130, NVIDIA A30, 52, 0 %, 0 %
2022/12/07 23:23:41.142, NVIDIA A30, 52, 0 %, 0 %
2022/12/07 23:23:41.153, NVIDIA A30, 52, 0 %, 0 %
2022/12/07 23:23:41.164, NVIDIA A30, 52, 0 %, 0 %
2022/12/07 23:23:41.176, NVIDIA A30, 52, 0 %, 0 %
2022/12/07 23:23:41.187, NVIDIA A30, 52, 0 %, 0 %
2022/12/07 23:23:41.198, NVIDIA A30, 52, 0 %, 0 %
2022/12/07 23:23:41.209, NVIDIA A30, 52, 0 %, 0 %
2022/12/07 23:23:41.220, NVIDIA A30, 52, 0 %, 0 %
2022/12/07 23:23:41.232, NVIDIA A30, 52, 0 %, 0 %
2022/12/07 23:23:41.243, NVIDIA A30, 52, 0 %, 0 %
